{"networks": [
  {"bandwidth": 7.00, "pp_efficiency": [[128, 0.6071], [96, 0.6117], [64, 0.5970], [32, 0.5559], [16, 0.5498], [8, 0.4857], [4, 0.2710], [2, 0.2572], [1, 0.1295], [0, 0.0487]], "ar_efficiency": [[128, 0.4506], [96, 0.4476], [64, 0.4465], [32, 0.4287], [16, 0.4211], [8, 0.3681], [4, 0.2737], [2, 0.2426], [1, 0.1336], [0, 0.0001]], "size": 2, "latency": 1.202661e-05, "ops": { "p2p":[1.0,null], "reduce_scatter":[1.0,-1], "all_gather":[1.0,-1], "all_reduce":[2.0,-1] }, "must_be_filled": true, "processor_usage": 0.03},
  {"bandwidth": 7.00, "pp_efficiency": [[128, 0.2210], [96, 0.2240], [64, 0.2221], [32, 0.2194], [16, 0.2096], [8, 0.1845], [4, 0.1813], [2, 0.1335], [1, 0.1228], [0, 0.0526]], "ar_efficiency": [[128, 0.3462], [96, 0.3431], [64, 0.3403], [32, 0.3366], [16, 0.3054], [8, 0.2791], [4, 0.2763], [2, 0.2058], [1, 0.1469], [0, 0.0002]], "size": 4, "latency": 1.111536e-05, "ops": { "p2p":[1.0,null], "reduce_scatter":[1.0,-1], "all_gather":[1.0,-1], "all_reduce":[2.0,-1] }, "must_be_filled": false, "processor_usage": 0.04},
  {"bandwidth": 7.00, "pp_efficiency": [[128, 0.0925], [96, 0.0931], [64, 0.0926], [32, 0.0915], [16, 0.0896], [8, 0.0860], [4, 0.0794], [2, 0.0708], [1, 0.0652], [0, 0.0436]], "ar_efficiency": [[128, 0.1380], [96, 0.1377], [64, 0.1378], [32, 0.1377], [16, 0.1380], [8, 0.1356], [4, 0.1302], [2, 0.1211], [1, 0.0969], [0, 0.0002]], "size": 8, "latency": 1.340857e-05, "ops": { "p2p":[1.0,null], "reduce_scatter":[1.0,-1], "all_gather":[1.0,-1], "all_reduce":[2.0,-1] }, "must_be_filled": false, "processor_usage": 0.05}
]}